<?xml version="1.0" encoding="UTF-8"?>
<project-private xmlns="http://www.netbeans.org/ns/project-private/1">
    <data xmlns="http://www.netbeans.org/ns/make-project-private/1">
        <activeConfTypeElem>1</activeConfTypeElem>
        <activeConfIndexElem>0</activeConfIndexElem>
    </data>
    <editor-bookmarks xmlns="http://www.netbeans.org/ns/editor-bookmarks/2" lastBookmarkId="0"/>
    <open-files xmlns="http://www.netbeans.org/ns/projectui-open-files/2">
        <group>
            <file>file:/Users/feralvam/Dropbox/PUCP/2014-2/ALG/Clases/11.%20Búsqueda%20-%20Hashing/Ejercicios%20Resueltos/Hashing/main.c</file>
            <file>file:/Users/feralvam/Dropbox/PUCP/2014-2/ALG/Clases/11.%20Búsqueda%20-%20Hashing/Ejercicios%20Resueltos/Hashing/ListaST.c</file>
            <file>file:/Users/feralvam/Dropbox/PUCP/2014-2/ALG/Clases/11.%20Búsqueda%20-%20Hashing/Ejercicios%20Resueltos/Hashing/ListaST.h</file>
            <file>file:/Users/feralvam/Dropbox/PUCP/2014-2/ALG/Clases/11.%20Búsqueda%20-%20Hashing/Ejercicios%20Resueltos/Hashing/SCHashST.h</file>
            <file>file:/Users/feralvam/Dropbox/PUCP/2014-2/ALG/Clases/11.%20Búsqueda%20-%20Hashing/Ejercicios%20Resueltos/Hashing/SCHashST.c</file>
        </group>
    </open-files>
</project-private>
