<?xml version="1.0" encoding="UTF-8"?>
<configurationDescriptor version="94">
  <logicalFolder name="root" displayName="root" projectFiles="true" kind="ROOT">
    <logicalFolder name="HeaderFiles"
                   displayName="Header Files"
                   projectFiles="true">
      <itemPath>Amistad.h</itemPath>
      <itemPath>Fecha.h</itemPath>
      <itemPath>Foto.h</itemPath>
      <itemPath>HashID.h</itemPath>
      <itemPath>HashNombre.h</itemPath>
      <itemPath>ListaAmistades.h</itemPath>
      <itemPath>ListaFotos.h</itemPath>
      <itemPath>ListaUsuarios.h</itemPath>
      <itemPath>RedSocial.h</itemPath>
      <itemPath>Usuario.h</itemPath>
    </logicalFolder>
    <logicalFolder name="ResourceFiles"
                   displayName="Resource Files"
                   projectFiles="true">
      <itemPath>amistades.txt</itemPath>
      <itemPath>fotos.txt</itemPath>
      <itemPath>usuarios.txt</itemPath>
    </logicalFolder>
    <logicalFolder name="SourceFiles"
                   displayName="Source Files"
                   projectFiles="true">
      <itemPath>Amistad.c</itemPath>
      <itemPath>Fecha.c</itemPath>
      <itemPath>Foto.c</itemPath>
      <itemPath>HashID.c</itemPath>
      <itemPath>HashNombre.c</itemPath>
      <itemPath>ListaAmistades.c</itemPath>
      <itemPath>ListaFotos.c</itemPath>
      <itemPath>ListaUsuarios.c</itemPath>
      <itemPath>Usuario.c</itemPath>
      <itemPath>main.c</itemPath>
    </logicalFolder>
    <logicalFolder name="TestFiles"
                   displayName="Test Files"
                   projectFiles="false"
                   kind="TEST_LOGICAL_FOLDER">
    </logicalFolder>
    <logicalFolder name="ExternalFiles"
                   displayName="Important Files"
                   projectFiles="false"
                   kind="IMPORTANT_FILES_FOLDER">
      <itemPath>Makefile</itemPath>
    </logicalFolder>
  </logicalFolder>
  <projectmakefile>Makefile</projectmakefile>
  <confs>
    <conf name="Debug" type="1">
      <toolsSet>
        <compilerSet>default</compilerSet>
        <dependencyChecking>true</dependencyChecking>
        <rebuildPropChanged>false</rebuildPropChanged>
      </toolsSet>
      <compileType>
      </compileType>
      <item path="Amistad.c" ex="false" tool="0" flavor2="0">
      </item>
      <item path="Amistad.h" ex="false" tool="3" flavor2="0">
      </item>
      <item path="Fecha.c" ex="false" tool="0" flavor2="0">
      </item>
      <item path="Fecha.h" ex="false" tool="3" flavor2="0">
      </item>
      <item path="Foto.c" ex="false" tool="0" flavor2="0">
      </item>
      <item path="Foto.h" ex="false" tool="3" flavor2="0">
      </item>
      <item path="HashID.c" ex="false" tool="0" flavor2="0">
      </item>
      <item path="HashID.h" ex="false" tool="3" flavor2="0">
      </item>
      <item path="HashNombre.c" ex="false" tool="0" flavor2="0">
      </item>
      <item path="HashNombre.h" ex="false" tool="3" flavor2="0">
      </item>
      <item path="ListaAmistades.c" ex="false" tool="0" flavor2="0">
      </item>
      <item path="ListaAmistades.h" ex="false" tool="3" flavor2="0">
      </item>
      <item path="ListaFotos.c" ex="false" tool="0" flavor2="0">
      </item>
      <item path="ListaFotos.h" ex="false" tool="3" flavor2="0">
      </item>
      <item path="ListaUsuarios.c" ex="false" tool="0" flavor2="0">
      </item>
      <item path="ListaUsuarios.h" ex="false" tool="3" flavor2="0">
      </item>
      <item path="RedSocial.h" ex="false" tool="3" flavor2="0">
      </item>
      <item path="Usuario.c" ex="false" tool="0" flavor2="0">
      </item>
      <item path="Usuario.h" ex="false" tool="3" flavor2="0">
      </item>
      <item path="amistades.txt" ex="false" tool="3" flavor2="0">
      </item>
      <item path="fotos.txt" ex="false" tool="3" flavor2="0">
      </item>
      <item path="main.c" ex="false" tool="0" flavor2="0">
      </item>
      <item path="usuarios.txt" ex="false" tool="3" flavor2="0">
      </item>
    </conf>
    <conf name="Release" type="1">
      <toolsSet>
        <compilerSet>default</compilerSet>
        <dependencyChecking>true</dependencyChecking>
        <rebuildPropChanged>false</rebuildPropChanged>
      </toolsSet>
      <compileType>
        <cTool>
          <developmentMode>5</developmentMode>
        </cTool>
        <ccTool>
          <developmentMode>5</developmentMode>
        </ccTool>
        <fortranCompilerTool>
          <developmentMode>5</developmentMode>
        </fortranCompilerTool>
        <asmTool>
          <developmentMode>5</developmentMode>
        </asmTool>
      </compileType>
      <item path="Amistad.c" ex="false" tool="0" flavor2="0">
      </item>
      <item path="Amistad.h" ex="false" tool="3" flavor2="0">
      </item>
      <item path="Fecha.c" ex="false" tool="0" flavor2="0">
      </item>
      <item path="Fecha.h" ex="false" tool="3" flavor2="0">
      </item>
      <item path="Foto.c" ex="false" tool="0" flavor2="0">
      </item>
      <item path="Foto.h" ex="false" tool="3" flavor2="0">
      </item>
      <item path="HashID.c" ex="false" tool="0" flavor2="0">
      </item>
      <item path="HashID.h" ex="false" tool="3" flavor2="0">
      </item>
      <item path="HashNombre.c" ex="false" tool="0" flavor2="0">
      </item>
      <item path="HashNombre.h" ex="false" tool="3" flavor2="0">
      </item>
      <item path="ListaAmistades.c" ex="false" tool="0" flavor2="0">
      </item>
      <item path="ListaAmistades.h" ex="false" tool="3" flavor2="0">
      </item>
      <item path="ListaFotos.c" ex="false" tool="0" flavor2="0">
      </item>
      <item path="ListaFotos.h" ex="false" tool="3" flavor2="0">
      </item>
      <item path="ListaUsuarios.c" ex="false" tool="0" flavor2="0">
      </item>
      <item path="ListaUsuarios.h" ex="false" tool="3" flavor2="0">
      </item>
      <item path="RedSocial.h" ex="false" tool="3" flavor2="0">
      </item>
      <item path="Usuario.c" ex="false" tool="0" flavor2="0">
      </item>
      <item path="Usuario.h" ex="false" tool="3" flavor2="0">
      </item>
      <item path="amistades.txt" ex="false" tool="3" flavor2="0">
      </item>
      <item path="fotos.txt" ex="false" tool="3" flavor2="0">
      </item>
      <item path="main.c" ex="false" tool="0" flavor2="0">
      </item>
      <item path="usuarios.txt" ex="false" tool="3" flavor2="0">
      </item>
    </conf>
  </confs>
</configurationDescriptor>
